[
  {
    "id": "hl7.fhir.uv.genomics-logicalmodel",
    "type": "ImplementationGuide",
    "url": "http://hl7.org/fhir/uv/genomics-logicalmodel/ImplementationGuide/hl7.fhir.uv.genomics-logicalmodel",
    "version": "0.1.0",
    "name": "GenomicsLogicalModel"
  },
  {
    "id": "MolecularPreciseInterval",
    "type": "StructureDefinition",
    "url": "http://hl7.org/fhir/uv/genomics-logicalmodel/StructureDefinition/MolecularPreciseInterval",
    "version": "0.1.0",
    "name": "MolecularPreciseInterval"
  },
  {
    "id": "MolecularSequence",
    "type": "StructureDefinition",
    "url": "http://hl7.org/fhir/uv/genomics-logicalmodel/StructureDefinition/MolecularSequence",
    "version": "0.1.0",
    "name": "MolecularSequence"
  }
]