<?xml version="1.0" encoding="UTF-8"?><Bundle xmlns="http://hl7.org/fhir"><type value="collection"/><entry/><entry><resource><OperationOutcome><extension url="http://hl7.org/fhir/StructureDefinition/operationoutcome-file"><valueString value="/Users/kmpower/Documents/GitHub/XMI-to-FHIR-XML/GenomicsLogicalModel/fsh-generated/resources/ImplementationGuide-hl7.fhir.uv.genomics-logicalmodel"/></extension><issue><extension url="http://hl7.org/fhir/StructureDefinition/operationoutcome-issue-source"><valueCode value="Publisher"/></extension><severity value="warning"/><code value="business-rule"/><details><text value="The resource should declare its jurisdiction to match the package id (hl7.fhir.uv.genomics-logicalmodel, jurisdiction = http://unstats.un.org/unsd/methods/m49/m49.htm#001: World) (for FSH: &#39;jurisdiction: http://unstats.un.org/unsd/methods/m49/m49.htm#001 &quot;World&quot;&#39;)"/></details><expression value="ImplementationGuide.jurisdiction"/></issue></OperationOutcome></resource></entry><entry><resource><OperationOutcome><extension url="http://hl7.org/fhir/StructureDefinition/operationoutcome-file"><valueString value="/Users/kmpower/Documents/GitHub/XMI-to-FHIR-XML/GenomicsLogicalModel/fsh-generated/resources/structuredefinition-MolecularPreciseInterval"/></extension><issue><extension url="http://hl7.org/fhir/StructureDefinition/operationoutcome-issue-source"><valueCode value="Publisher"/></extension><severity value="error"/><code value="business-rule"/><details><text value="The resource must declare its jurisdiction to match the package id (hl7.fhir.uv.genomics-logicalmodel, jurisdiction = http://unstats.un.org/unsd/methods/m49/m49.htm#001: World) (for FSH: &#39;jurisdiction: http://unstats.un.org/unsd/methods/m49/m49.htm#001 &quot;World&quot;&#39;)"/></details><expression value="StructureDefinition.jurisdiction"/></issue></OperationOutcome></resource></entry><entry><resource><OperationOutcome><extension url="http://hl7.org/fhir/StructureDefinition/operationoutcome-file"><valueString value="/Users/kmpower/Documents/GitHub/XMI-to-FHIR-XML/GenomicsLogicalModel/fsh-generated/resources/structuredefinition-MolecularSequence"/></extension><issue><extension url="http://hl7.org/fhir/StructureDefinition/operationoutcome-issue-source"><valueCode value="InstanceValidator"/></extension><severity value="error"/><code value="exception"/><details><text value="Profile http://hl7.org/fhir/uv/genomics-logicalmodel/StructureDefinition/MolecularSequence is for type StructureDefinition[http://hl7.org/fhir/uv/genomics-logicalmodel/StructureDefinition/MolecularSequence], which is not a Resource (which is required because the MolecularSequence.representations.relative.startingSequence[x] element has type Reference)"/></details><expression value="StructureDefinition/MolecularSequence: StructureDefinition.differential.element[19].type[0].targetProfile[0]"/></issue><issue><extension url="http://hl7.org/fhir/StructureDefinition/operationoutcome-issue-source"><valueCode value="InstanceValidator"/></extension><severity value="error"/><code value="exception"/><details><text value="Profile http://hl7.org/fhir/uv/genomics-logicalmodel/StructureDefinition/MolecularSequence is for type StructureDefinition[http://hl7.org/fhir/uv/genomics-logicalmodel/StructureDefinition/MolecularSequence], which is not a Resource (which is required because the MolecularSequence.representations.relative.edits.referenceSequence[x] element has type Reference)"/></details><expression value="StructureDefinition/MolecularSequence: StructureDefinition.differential.element[22].type[0].targetProfile[0]"/></issue><issue><extension url="http://hl7.org/fhir/StructureDefinition/operationoutcome-issue-source"><valueCode value="InstanceValidator"/></extension><severity value="error"/><code value="exception"/><details><text value="Profile http://hl7.org/fhir/uv/genomics-logicalmodel/StructureDefinition/MolecularSequence is for type StructureDefinition[http://hl7.org/fhir/uv/genomics-logicalmodel/StructureDefinition/MolecularSequence], which is not a Resource (which is required because the MolecularSequence.representations.relative.edits.replacementSequence[x] element has type Reference)"/></details><expression value="StructureDefinition/MolecularSequence: StructureDefinition.differential.element[23].type[0].targetProfile[0]"/></issue><issue><extension url="http://hl7.org/fhir/StructureDefinition/operationoutcome-issue-source"><valueCode value="InstanceValidator"/></extension><severity value="error"/><code value="exception"/><details><text value="Profile http://hl7.org/fhir/uv/genomics-logicalmodel/StructureDefinition/MolecularSequence is for type StructureDefinition[http://hl7.org/fhir/uv/genomics-logicalmodel/StructureDefinition/MolecularSequence], which is not a Resource (which is required because the MolecularSequence.relationship.sequence element has type Reference)"/></details><expression value="StructureDefinition/MolecularSequence: StructureDefinition.differential.element[27].type[0].targetProfile[0]"/></issue><issue><extension url="http://hl7.org/fhir/StructureDefinition/operationoutcome-issue-source"><valueCode value="InstanceValidator"/></extension><severity value="error"/><code value="exception"/><details><text value="Profile http://hl7.org/fhir/uv/genomics-logicalmodel/StructureDefinition/MolecularSequence is for type StructureDefinition[http://hl7.org/fhir/uv/genomics-logicalmodel/StructureDefinition/MolecularSequence], which is not a Resource (which is required because the MolecularSequence.representations.relative.startingSequence[x] element has type Reference)"/></details><expression value="StructureDefinition/MolecularSequence: StructureDefinition.snapshot.element[21].type[0].targetProfile[0]"/></issue><issue><extension url="http://hl7.org/fhir/StructureDefinition/operationoutcome-issue-source"><valueCode value="InstanceValidator"/></extension><severity value="error"/><code value="exception"/><details><text value="Profile http://hl7.org/fhir/uv/genomics-logicalmodel/StructureDefinition/MolecularSequence is for type StructureDefinition[http://hl7.org/fhir/uv/genomics-logicalmodel/StructureDefinition/MolecularSequence], which is not a Resource (which is required because the MolecularSequence.representations.relative.edits.referenceSequence[x] element has type Reference)"/></details><expression value="StructureDefinition/MolecularSequence: StructureDefinition.snapshot.element[24].type[0].targetProfile[0]"/></issue><issue><extension url="http://hl7.org/fhir/StructureDefinition/operationoutcome-issue-source"><valueCode value="InstanceValidator"/></extension><severity value="error"/><code value="exception"/><details><text value="Profile http://hl7.org/fhir/uv/genomics-logicalmodel/StructureDefinition/MolecularSequence is for type StructureDefinition[http://hl7.org/fhir/uv/genomics-logicalmodel/StructureDefinition/MolecularSequence], which is not a Resource (which is required because the MolecularSequence.representations.relative.edits.replacementSequence[x] element has type Reference)"/></details><expression value="StructureDefinition/MolecularSequence: StructureDefinition.snapshot.element[25].type[0].targetProfile[0]"/></issue><issue><extension url="http://hl7.org/fhir/StructureDefinition/operationoutcome-issue-source"><valueCode value="InstanceValidator"/></extension><severity value="error"/><code value="exception"/><details><text value="Profile http://hl7.org/fhir/uv/genomics-logicalmodel/StructureDefinition/MolecularSequence is for type StructureDefinition[http://hl7.org/fhir/uv/genomics-logicalmodel/StructureDefinition/MolecularSequence], which is not a Resource (which is required because the MolecularSequence.relationship.sequence element has type Reference)"/></details><expression value="StructureDefinition/MolecularSequence: StructureDefinition.snapshot.element[29].type[0].targetProfile[0]"/></issue><issue><extension url="http://hl7.org/fhir/StructureDefinition/operationoutcome-issue-source"><valueCode value="Publisher"/></extension><severity value="error"/><code value="business-rule"/><details><text value="The resource must declare its jurisdiction to match the package id (hl7.fhir.uv.genomics-logicalmodel, jurisdiction = http://unstats.un.org/unsd/methods/m49/m49.htm#001: World) (for FSH: &#39;jurisdiction: http://unstats.un.org/unsd/methods/m49/m49.htm#001 &quot;World&quot;&#39;)"/></details><expression value="StructureDefinition.jurisdiction"/></issue></OperationOutcome></resource></entry></Bundle>