<?xml version="1.0" encoding="UTF-8"?><Bundle xmlns="http://hl7.org/fhir"><type value="collection"/><entry/><entry><resource><OperationOutcome><extension url="http://hl7.org/fhir/StructureDefinition/operationoutcome-file"><valueString value="/Users/kmpower/Documents/GitHub/XMI-to-FHIR-XML/ig/input/genomics-logicalmodel"/></extension><issue><extension url="http://hl7.org/fhir/StructureDefinition/operationoutcome-issue-source"><valueCode value="TerminologyEngine"/></extension><severity value="error"/><code value="code-invalid"/><details><text value="Error performing operation &#39;validate-code: null&#39; (parameters = &quot;&quot;) for &#39;http://unstats.un.org/unsd/methods/m49/m49.htm#001&#39;"/></details><expression value="ImplementationGuide/hl7.fhir.uv.genomics-logicalmodel: ImplementationGuide.jurisdiction[0].coding[0]"/></issue></OperationOutcome></resource></entry><entry><resource><OperationOutcome><extension url="http://hl7.org/fhir/StructureDefinition/operationoutcome-file"><valueString value="/Users/kmpower/Documents/GitHub/XMI-to-FHIR-XML/ig/input/resources/MolecularPreciseInterval"/></extension><issue><extension url="http://hl7.org/fhir/StructureDefinition/operationoutcome-issue-source"><valueCode value="TerminologyEngine"/></extension><severity value="error"/><code value="code-invalid"/><details><text value="Error performing operation &#39;validate-code: null&#39; (parameters = &quot;&quot;) for &#39;http://unstats.un.org/unsd/methods/m49/m49.htm#001&#39;"/></details><expression value="StructureDefinition/MolecularPreciseInterval: StructureDefinition.jurisdiction[0].coding[0]"/></issue></OperationOutcome></resource></entry><entry><resource><OperationOutcome><extension url="http://hl7.org/fhir/StructureDefinition/operationoutcome-file"><valueString value="/Users/kmpower/Documents/GitHub/XMI-to-FHIR-XML/ig/input/resources/MolecularSequence"/></extension><issue><extension url="http://hl7.org/fhir/StructureDefinition/operationoutcome-issue-source"><valueCode value="TerminologyEngine"/></extension><severity value="error"/><code value="code-invalid"/><details><text value="Error performing operation &#39;validate-code: null&#39; (parameters = &quot;&quot;) for &#39;http://unstats.un.org/unsd/methods/m49/m49.htm#001&#39;"/></details><expression value="StructureDefinition/MolecularSequence: StructureDefinition.jurisdiction[0].coding[0]"/></issue><issue><extension url="http://hl7.org/fhir/StructureDefinition/operationoutcome-issue-source"><valueCode value="InstanceValidator"/></extension><severity value="error"/><code value="exception"/><details><text value="Profile http://hl7.org/fhir/uv/genomics-logicalmodel/StructureDefinition/MolecularSequence is for type StructureDefinition[http://hl7.org/fhir/uv/genomics-logicalmodel/StructureDefinition/MolecularSequence], which is not a Resource (which is required because the MolecularSequence.representation.relative.startingSequence[x] element has type Reference)"/></details><expression value="StructureDefinition/MolecularSequence: StructureDefinition.differential.element[19].type[0].targetProfile[0]"/></issue><issue><extension url="http://hl7.org/fhir/StructureDefinition/operationoutcome-issue-source"><valueCode value="InstanceValidator"/></extension><severity value="error"/><code value="exception"/><details><text value="Profile http://hl7.org/fhir/uv/genomics-logicalmodel/StructureDefinition/MolecularSequence is for type StructureDefinition[http://hl7.org/fhir/uv/genomics-logicalmodel/StructureDefinition/MolecularSequence], which is not a Resource (which is required because the MolecularSequence.representation.relative.edits.replacedSequence[x] element has type Reference)"/></details><expression value="StructureDefinition/MolecularSequence: StructureDefinition.differential.element[22].type[0].targetProfile[0]"/></issue><issue><extension url="http://hl7.org/fhir/StructureDefinition/operationoutcome-issue-source"><valueCode value="InstanceValidator"/></extension><severity value="error"/><code value="exception"/><details><text value="Profile http://hl7.org/fhir/uv/genomics-logicalmodel/StructureDefinition/MolecularSequence is for type StructureDefinition[http://hl7.org/fhir/uv/genomics-logicalmodel/StructureDefinition/MolecularSequence], which is not a Resource (which is required because the MolecularSequence.representation.relative.edits.replacementSequence[x] element has type Reference)"/></details><expression value="StructureDefinition/MolecularSequence: StructureDefinition.differential.element[23].type[0].targetProfile[0]"/></issue><issue><extension url="http://hl7.org/fhir/StructureDefinition/operationoutcome-issue-source"><valueCode value="InstanceValidator"/></extension><severity value="error"/><code value="exception"/><details><text value="Profile http://hl7.org/fhir/uv/genomics-logicalmodel/StructureDefinition/MolecularSequence is for type StructureDefinition[http://hl7.org/fhir/uv/genomics-logicalmodel/StructureDefinition/MolecularSequence], which is not a Resource (which is required because the MolecularSequence.relationship.sequence element has type Reference)"/></details><expression value="StructureDefinition/MolecularSequence: StructureDefinition.differential.element[27].type[0].targetProfile[0]"/></issue><issue><extension url="http://hl7.org/fhir/StructureDefinition/operationoutcome-issue-source"><valueCode value="InstanceValidator"/></extension><severity value="error"/><code value="exception"/><details><text value="Profile http://hl7.org/fhir/uv/genomics-logicalmodel/StructureDefinition/MolecularSequence is for type StructureDefinition[http://hl7.org/fhir/uv/genomics-logicalmodel/StructureDefinition/MolecularSequence], which is not a Resource (which is required because the MolecularSequence.representation.relative.startingSequence[x] element has type Reference)"/></details><expression value="StructureDefinition/MolecularSequence: StructureDefinition.snapshot.element[21].type[0].targetProfile[0]"/></issue><issue><extension url="http://hl7.org/fhir/StructureDefinition/operationoutcome-issue-source"><valueCode value="InstanceValidator"/></extension><severity value="error"/><code value="exception"/><details><text value="Profile http://hl7.org/fhir/uv/genomics-logicalmodel/StructureDefinition/MolecularSequence is for type StructureDefinition[http://hl7.org/fhir/uv/genomics-logicalmodel/StructureDefinition/MolecularSequence], which is not a Resource (which is required because the MolecularSequence.representation.relative.edits.replacedSequence[x] element has type Reference)"/></details><expression value="StructureDefinition/MolecularSequence: StructureDefinition.snapshot.element[24].type[0].targetProfile[0]"/></issue><issue><extension url="http://hl7.org/fhir/StructureDefinition/operationoutcome-issue-source"><valueCode value="InstanceValidator"/></extension><severity value="error"/><code value="exception"/><details><text value="Profile http://hl7.org/fhir/uv/genomics-logicalmodel/StructureDefinition/MolecularSequence is for type StructureDefinition[http://hl7.org/fhir/uv/genomics-logicalmodel/StructureDefinition/MolecularSequence], which is not a Resource (which is required because the MolecularSequence.representation.relative.edits.replacementSequence[x] element has type Reference)"/></details><expression value="StructureDefinition/MolecularSequence: StructureDefinition.snapshot.element[25].type[0].targetProfile[0]"/></issue><issue><extension url="http://hl7.org/fhir/StructureDefinition/operationoutcome-issue-source"><valueCode value="InstanceValidator"/></extension><severity value="error"/><code value="exception"/><details><text value="Profile http://hl7.org/fhir/uv/genomics-logicalmodel/StructureDefinition/MolecularSequence is for type StructureDefinition[http://hl7.org/fhir/uv/genomics-logicalmodel/StructureDefinition/MolecularSequence], which is not a Resource (which is required because the MolecularSequence.relationship.sequence element has type Reference)"/></details><expression value="StructureDefinition/MolecularSequence: StructureDefinition.snapshot.element[29].type[0].targetProfile[0]"/></issue></OperationOutcome></resource></entry></Bundle>