"Path","Slice Name","Alias(s)","Label","Min","Max","Must Support?","Is Modifier?","Is Summary?","Type(s)","Short","Definition","Comments","Requirements","Default Value","Meaning When Missing","Fixed Value","Pattern","Example","Minimum Value","Maximum Value","Maximum Length","Binding Strength","Binding Description","Binding Value Set","Code","Slicing Discriminator","Slicing Description","Slicing Ordered","Slicing Rules","Base Path","Base Min","Base Max","Condition(s)","Constraint(s)","Mapping: RIM Mapping"
"MolecularSequence","","","",1,1,"","","","","Base for all elements","No description","","","","","","","","","",,,,,"",,,,"Element",0,*,"ele-1
","ele-1:All FHIR elements must have a @value or children {hasValue() or (children().count() > id.count())}
","n/a"
"MolecularSequence.id","","","",0,1,"","","","string {[]} {[]}
","Unique id for inter-element referencing","Unique id for the element within a resource (for internal references). This may be any string value that does not contain spaces.","","","","","","","","","",,,,,"",,,,"Element.id",0,1,"","","n/a"
"MolecularSequence.extension","","extensions
user content","",0,*,"","","","Extension {[]} {[]}
","Additional content defined by implementations","May be used to represent additional information that is not part of the basic definition of the element. To make the use of extensions safe and manageable, there is a strict set of governance  applied to the definition and use of extensions. Though any implementer can define an extension, there is a set of requirements that SHALL be met as part of the definition of the extension.","There can be no stigma associated with the use of extensions by any application, project, or standard - regardless of the institution or jurisdiction that uses or defines the extensions.  The use of extensions is what allows the FHIR specification to retain a core level of simplicity for everyone.","","","","","","","","",,,,,"","value:url}
","Extensions are always sliced by (at least) url",,"open","Element.extension",0,*,"","ele-1:All FHIR elements must have a @value or children {hasValue() or (children().count() > id.count())}
ext-1:Must have either extensions or value[x], not both {extension.exists() != value.exists()}","n/a"
"MolecularSequence.name","","","name",0,1,"","","","string {[]} {[]}
","Name of sequence","The human-readable name of the sequence.","","","","","","","","","",,,,,"",,,,"MolecularSequence.name",0,1,"",""
"MolecularSequence.type","","","type",1,1,"Y","","","CodeableConcept {[]} {[]}
","The type of sequence (genomic, mRNA, protein, ...)","The type of the sequence.  Ideally, a code from an ontology would be used to designate genomic (including plasmid and short oligonucleotides), RNA (including mRNA, tRNA, ncRNA, etc), and protein (including short peptides).  The bindings for this element have not yet been determined.","","","","","","","","","",,,,,"",,,,"MolecularSequence.type",0,1,"",""
"MolecularSequence.identifier","","","identifier",0,*,"Y","","","CodeableConcept {[]} {[]}
","Identifier(s) for the sequence","TO UPDATE: use SequenceDesignation datatype

Identifier(s) for the sequence, which should be expressed using the coding.code element.  The coding system should be specified to avoid ambiguity.","","","","","","","","","",,,,,"",,,,"MolecularSequence.identifier",0,1,"",""
"MolecularSequence.genomeAssembly","","","genomeAssembly",0,*,"Y","","","BackboneElement {[]} {[]}
","A genome assembly","A genome assembly","","","","","","","","","",,,,,"",,,,"MolecularSequence.genomeAssembly",0,1,"",""
"MolecularSequence.genomeAssembly.build","","","build",1,1,"Y","","","Identifier {[]} {[]}
","Genome build","The identifier of a genome build.","","","","","","","","","",,,,,"",,,,"MolecularSequence.genomeAssembly.build",0,1,"",""
"MolecularSequence.genomeAssembly.organism","","","organism",1,1,"Y","","","CodeableConcept {[]} {[]}
","Organism","The organism corresponding to the Genome Assembly.  Preferably expressed using an NCBI taxonomy code.","","","","","","","","","",,,,,"",,,,"MolecularSequence.genomeAssembly.organism",0,1,"",""
"MolecularSequence.genomeAssembly.description","","","description",1,1,"","","","string {[]} {[]}
","Description of the Genome Assembly","A description of the Genome Assembly.","","","","","","","","","",,,,,"",,,,"MolecularSequence.genomeAssembly.description",0,1,"",""
"MolecularSequence.genomeAssembly.accession","","","accession",0,1,"Y","","","CodeableConcept {[]} {[]}
","Genome build accession number","The accession number of the Genome Build","","","","","","","","","",,,,,"",,,,"MolecularSequence.genomeAssembly.accession",0,1,"",""
"MolecularSequence.representation","","","representation",0,*,"Y","","","BackboneElement {[]} {[]}
","Represents the many different ways a molecular sequence could be represented","This element allows a single instance of Sequence to be represented in many different ways, including different file formats.","","","","","","","","","",,,,,"",,,,"MolecularSequence.representation",0,1,"",""
"MolecularSequence.representation.literal","","","literal",0,1,"Y","","","BackboneElement {[]} {[]}
","Literal sequence","A sequence represented as a literal string","","","","","","","","","",,,,,"",,,,"MolecularSequence.representation.literal",0,1,"",""
"MolecularSequence.representation.literal.encoding","","","encoding",0,1,"Y","","","CodeableConcept {[]} {[]}
","The coding system (alphabet) used by the sequence","The coding system (alphabet) used by the sequence.  While IUPAC symbols are frequently assumed, this attribute can denote whether an amino acid sequence is encoded as single letter or 3-letter abbreviations.  Ideally, a value set defining common coding systems would be developed.","","","","","","","","","",,,,,"",,,,"MolecularSequence.representation.literal.encoding",0,1,"",""
"MolecularSequence.representation.literal.value","","","value",1,1,"Y","","","string {[]} {[]}
","The literal sequence expressed as a string","The literal sequence expressed as a string","","","","","","","","","",,,,,"",,,,"MolecularSequence.representation.literal.value",0,1,"",""
"MolecularSequence.representation.formatted","","","formatted",0,1,"Y","","","BackboneElement {[]} {[]}
","A formatted sequence","A sequence expressed in a pre-defined format.  The attached sequence can be processed using existing software tools designed for the given format.","","","","","","","","","",,,,,"",,,,"MolecularSequence.representation.formatted",0,1,"",""
"MolecularSequence.representation.formatted.file","","","file",1,1,"Y","","","Attachment {[]} {[]}
","Attached file","A file containing the formatted sequence.","","","","","","","","","",,,,,"",,,,"MolecularSequence.representation.formatted.file",0,1,"",""
"MolecularSequence.representation.resolveable","","","resolveable",0,1,"Y","","","BackboneElement {[]} {[]}
","A sequenced retrieved from a URI","Reference to a sequence that is not explicitly provided within this instance of Sequence, but which can be retrieved by resolving the URI","","","","","","","","","",,,,,"",,,,"MolecularSequence.representation.resolveable",0,1,"",""
"MolecularSequence.representation.resolveable.uri","","","uri",1,1,"Y","","","uri {[]} {[]}
","A URI that, when resolved, will return the sequence","A resolvable, absolute address that, when accessed, will return the Sequence","","","","","","","","","",,,,,"",,,,"MolecularSequence.representation.resolveable.uri",0,1,"",""
"MolecularSequence.representation.resolveable.format","","","format",0,1,"Y","","","code {[]} {[]}
","The format of the resolved sequence","The format of the resolved sequence.  The codes for this element should be the same as those for a Formatted Sequence.","","","","","","","","","",,,,,"",,,,"MolecularSequence.representation.resolveable.format",0,1,"",""
"MolecularSequence.representation.relative","","","relative",0,1,"Y","","","BackboneElement {[]} {[]}
","A Sequence defined relative to another Sequence(s)","The definition of a new sequence that is represented by applying an ordered series of edits to one or more other Sequences.","","","","","","","","","",,,,,"",,,,"MolecularSequence.representation.relative",0,1,"",""
"MolecularSequence.representation.relative.startingSequence[x]","","","",1,1,"Y","","","Reference {[]} {[CanonicalType[http://hl7.org/fhir/uv/genomics-logicalmodel/StructureDefinition/MolecularSequence]]}
string {[]} {[]}","The starting Sequence","A reference to the Sequence used as the starting ""base"" of the Sequence that is to be derived.","","","","","","","","","",,,,,"",,,,"MolecularSequence.representation.relative.startingSequence[x]",0,1,"",""
"MolecularSequence.representation.relative.edits","","","edits",1,*,"Y","","","BackboneElement {[]} {[]}
","The edits to apply to the starting sequence","An ordered series of edits to apply to the starting sequence","","","","","","","","","",,,,,"",,,,"MolecularSequence.representation.relative.edits",0,1,"",""
"MolecularSequence.representation.relative.edits.interval","","","interval",1,1,"Y","","","http://hl7.org/fhir/uv/genomics-logicalmodel/StructureDefinition/MolecularPreciseInterval {[]} {[]}
","The interval on the current Sequence that defines the region to be replaced","The coordinate interval that defines the region of Sequence to be replaced during the current edit operation","","","","","","","","","",,,,,"",,,,"MolecularSequence.representation.relative.edits.interval",0,1,"",""
"MolecularSequence.representation.relative.edits.replacedSequence[x]","","","replacedSequence",0,1,"","","","Reference {[]} {[CanonicalType[http://hl7.org/fhir/uv/genomics-logicalmodel/StructureDefinition/MolecularSequence]]}
string {[]} {[]}","Contents of the sequence that will be edited","The content of the sub-Sequence that will be replaced in the current edit operation","","","","","","","","","",,,,,"",,,,"MolecularSequence.representation.relative.edits.replacedSequence[x]",0,1,"",""
"MolecularSequence.representation.relative.edits.replacementSequence[x]","","","replacementSequence",1,1,"Y","","","Reference {[]} {[CanonicalType[http://hl7.org/fhir/uv/genomics-logicalmodel/StructureDefinition/MolecularSequence]]}
string {[]} {[]}","The content used in the replacement","The replacement Sequence used in the current edit operation","","","","","","","","","",,,,,"",,,,"MolecularSequence.representation.relative.edits.replacementSequence[x]",0,1,"",""
"MolecularSequence.relationship","","","relationship",0,*,"","","","BackboneElement {[]} {[]}
","Relationship between two Sequences","This element captures information about the relationship between two Sequences.  Ideally, the relationship will be codified using concepts from an ontology.","","","","","","","","","",,,,,"",,,,"MolecularSequence.relationship",0,1,"",""
"MolecularSequence.relationship.type","","","type",1,1,"","","","CodeableConcept {[]} {[]}
","Relationship type","The relationship between two sequences.  For example: transcribed to, transcribed from, translated to, translated from.  Ideally, the concepts used to express the relationship should be defined in an ontology.","","","","","","","","","",,,,,"",,,,"MolecularSequence.relationship.type",0,1,"",""
"MolecularSequence.relationship.description","","","description",0,1,"","","","string {[]} {[]}
","Relationship description","A description of the relationship between two sequences.","","","","","","","","","",,,,,"",,,,"MolecularSequence.relationship.description",0,1,"",""
"MolecularSequence.relationship.sequence","","","sequence",1,1,"","","","Reference {[]} {[CanonicalType[http://hl7.org/fhir/uv/genomics-logicalmodel/StructureDefinition/MolecularSequence]]}
","The target of the sequence relationship","A reference to a Sequence that represents the object of a defined relationship.","","","","","","","","","",,,,,"",,,,"MolecularSequence.relationship.sequence",0,1,"",""
